Workbook

Sheet README
A1: Purpose
A2: Quick diagnostic to identify whether operating underperformance is driven by growth, cost efficiency, or business mix.
A4: Key Questions
A5: • Is revenue growth decoupling from user growth?
A6: • Are operating costs scaling faster than revenue?
A7: • Is margin pressure lagging upstream signals?
A9: Usage
A10: • Raw data feeds derived metrics
A11: • Metrics power Tableau dashboard and insights

Sheet Raw_Data
A1: Month | B1: Revenue | C1: Active_Users | D1: CAC | E1: Support_Cost | F1: Gross_Margin
A2: 2025-01 | B2: 5000000 | C2: 1000000 | D2: 120 | E2: 900000 | F2: 0.68
A3: 2025-02 | B3: 5250000 | C3: 1030000 | D3: 121 | E3: 920000 | F3: 0.679
A4: 2025-03 | B4: 5520000 | C4: 1060000 | D4: 123 | E4: 950000 | F4: 0.677
A5: 2025-04 | B5: 5720000 | C5: 1090000 | D5: 125 | E5: 990000 | F5: 0.674
A6: 2025-05 | B6: 5860000 | C6: 1120000 | D6: 128 | E6: 1040000 | F6: 0.671
A7: 2025-06 | B7: 5950000 | C7: 1150000 | D7: 131 | E7: 1100000 | F7: 0.668
A8: 2025-07 | B8: 6000000 | C8: 1180000 | D8: 134 | E8: 1165000 | F8: 0.665
A9: 2025-08 | B9: 6040000 | C9: 1210000 | D9: 137 | E9: 1220000 | F9: 0.662
A10: 2025-09 | B10: 6070000 | C10: 1235000 | D10: 140 | E10: 1270000 | F10: 0.658
A11: 2025-10 | B11: 6090000 | C11: 1255000 | D11: 143 | E11: 1305000 | F11: 0.653
A12: 2025-11 | B12: 6105000 | C12: 1272000 | D12: 146 | E12: 1320000 | F12: 0.648
A13: 2025-12 | B13: 6120000 | C13: 1290000 | D13: 148 | E13: 1330000 | F13: 0.645

Sheet Derived_Metrics
A1: Month | B1: Revenue | C1: Active_Users | D1: CAC | E1: Support_Cost | F1: Gross_Margin | G1: Revenue_Growth_MoM | H1: User_Growth_MoM | I1: Revenue_per__User | J1: Support_Cost_Ratio
A2: =Raw_Data!A2 -> 2025-01 | B2: =Raw_Data!B2 -> 5000000 | C2: =Raw_Data!C2 -> 1000000 | D2: =Raw_Data!D2 -> 120 | E2: =Raw_Data!E2 -> 900000 | F2: =Raw_Data!F2 -> 0.68 | G2: =IFERROR((B2-B1)/B1,"") | H2: =IFERROR((C2-C1)/C1,"") | I2: =B2/C2 -> 5 | J2: =E2/B2 -> 0.18
A3: =Raw_Data!A3 -> 2025-02 | B3: =Raw_Data!B3 -> 5250000 | C3: =Raw_Data!C3 -> 1030000 | D3: =Raw_Data!D3 -> 121 | E3: =Raw_Data!E3 -> 920000 | F3: =Raw_Data!F3 -> 0.679 | G3: =IFERROR((B3-B2)/B2,"") -> 0.05 | H3: =IFERROR((C3-C2)/C2,"") -> 0.03 | I3: =B3/C3 -> 5.0970874 | J3: =E3/B3 -> 0.1752381
A4: =Raw_Data!A4 -> 2025-03 | B4: =Raw_Data!B4 -> 5520000 | C4: =Raw_Data!C4 -> 1060000 | D4: =Raw_Data!D4 -> 123 | E4: =Raw_Data!E4 -> 950000 | F4: =Raw_Data!F4 -> 0.677 | G4: =IFERROR((B4-B3)/B3,"") -> 0.051428571 | H4: =IFERROR((C4-C3)/C3,"") -> 0.029126214 | I4: =B4/C4 -> 5.2075472 | J4: =E4/B4 -> 0.17210145
A5: =Raw_Data!A5 -> 2025-04 | B5: =Raw_Data!B5 -> 5720000 | C5: =Raw_Data!C5 -> 1090000 | D5: =Raw_Data!D5 -> 125 | E5: =Raw_Data!E5 -> 990000 | F5: =Raw_Data!F5 -> 0.674 | G5: =IFERROR((B5-B4)/B4,"") -> 0.036231884 | H5: =IFERROR((C5-C4)/C4,"") -> 0.028301887 | I5: =B5/C5 -> 5.2477064 | J5: =E5/B5 -> 0.17307692
A6: =Raw_Data!A6 -> 2025-05 | B6: =Raw_Data!B6 -> 5860000 | C6: =Raw_Data!C6 -> 1120000 | D6: =Raw_Data!D6 -> 128 | E6: =Raw_Data!E6 -> 1040000 | F6: =Raw_Data!F6 -> 0.671 | G6: =IFERROR((B6-B5)/B5,"") -> 0.024475524 | H6: =IFERROR((C6-C5)/C5,"") -> 0.027522936 | I6: =B6/C6 -> 5.2321429 | J6: =E6/B6 -> 0.1774744
A7: =Raw_Data!A7 -> 2025-06 | B7: =Raw_Data!B7 -> 5950000 | C7: =Raw_Data!C7 -> 1150000 | D7: =Raw_Data!D7 -> 131 | E7: =Raw_Data!E7 -> 1100000 | F7: =Raw_Data!F7 -> 0.668 | G7: =IFERROR((B7-B6)/B6,"") -> 0.015358362 | H7: =IFERROR((C7-C6)/C6,"") -> 0.026785714 | I7: =B7/C7 -> 5.173913 | J7: =E7/B7 -> 0.18487395
A8: =Raw_Data!A8 -> 2025-07 | B8: =Raw_Data!B8 -> 6000000 | C8: =Raw_Data!C8 -> 1180000 | D8: =Raw_Data!D8 -> 134 | E8: =Raw_Data!E8 -> 1165000 | F8: =Raw_Data!F8 -> 0.665 | G8: =IFERROR((B8-B7)/B7,"") -> 0.0084033613 | H8: =IFERROR((C8-C7)/C7,"") -> 0.026086957 | I8: =B8/C8 -> 5.0847458 | J8: =E8/B8 -> 0.19416667
A9: =Raw_Data!A9 -> 2025-08 | B9: =Raw_Data!B9 -> 6040000 | C9: =Raw_Data!C9 -> 1210000 | D9: =Raw_Data!D9 -> 137 | E9: =Raw_Data!E9 -> 1220000 | F9: =Raw_Data!F9 -> 0.662 | G9: =IFERROR((B9-B8)/B8,"") -> 0.0066666667 | H9: =IFERROR((C9-C8)/C8,"") -> 0.025423729 | I9: =B9/C9 -> 4.9917355 | J9: =E9/B9 -> 0.20198675
A10: =Raw_Data!A10 -> 2025-09 | B10: =Raw_Data!B10 -> 6070000 | C10: =Raw_Data!C10 -> 1235000 | D10: =Raw_Data!D10 -> 140 | E10: =Raw_Data!E10 -> 1270000 | F10: =Raw_Data!F10 -> 0.658 | G10: =IFERROR((B10-B9)/B9,"") -> 0.0049668874 | H10: =IFERROR((C10-C9)/C9,"") -> 0.020661157 | I10: =B10/C10 -> 4.9149798 | J10: =E10/B10 -> 0.2092257
A11: =Raw_Data!A11 -> 2025-10 | B11: =Raw_Data!B11 -> 6090000 | C11: =Raw_Data!C11 -> 1255000 | D11: =Raw_Data!D11 -> 143 | E11: =Raw_Data!E11 -> 1305000 | F11: =Raw_Data!F11 -> 0.653 | G11: =IFERROR((B11-B10)/B10,"") -> 0.0032948929 | H11: =IFERROR((C11-C10)/C10,"") -> 0.016194332 | I11: =B11/C11 -> 4.8525896 | J11: =E11/B11 -> 0.21428571
A12: =Raw_Data!A12 -> 2025-11 | B12: =Raw_Data!B12 -> 6105000 | C12: =Raw_Data!C12 -> 1272000 | D12: =Raw_Data!D12 -> 146 | E12: =Raw_Data!E12 -> 1320000 | F12: =Raw_Data!F12 -> 0.648 | G12: =IFERROR((B12-B11)/B11,"") -> 0.0024630542 | H12: =IFERROR((C12-C11)/C11,"") -> 0.013545817 | I12: =B12/C12 -> 4.7995283 | J12: =E12/B12 -> 0.21621622
A13: =Raw_Data!A13 -> 2025-12 | B13: =Raw_Data!B13 -> 6120000 | C13: =Raw_Data!C13 -> 1290000 | D13: =Raw_Data!D13 -> 148 | E13: =Raw_Data!E13 -> 1330000 | F13: =Raw_Data!F13 -> 0.645 | G13: =IFERROR((B13-B12)/B12,"") -> 0.0024570025 | H13: =IFERROR((C13-C12)/C12,"") -> 0.014150943 | I13: =B13/C13 -> 4.744186 | J13: =E13/B13 -> 0.21732026

Sheet Insights
A1: Insight 1 — Growth Signal
A2: • Revenue growth decelerates while active users continue to grow
A3: • Indicates weakening monetization or pricing pressure rather than demand collapse
A5: Insight 2 — Cost Efficiency Signal
A6: • Support cost as a percentage of revenue trends upward
A7: • Suggests operating model is not scaling efficiently with growth
A9: Insight 3 — Margin Lag Effect
A10: • Gross margin compression follows growth and cost signals with a delay
A11: • Confirms margin pressure is a downstream effect, not the root cause
